Campaign,Location
MCD-Water's Edge Family Dentistry-St. Clair-Search,"10.0|mi|201 N Riverside Ave, St Clair, MI 48079"
MCD-The Village Dentist-Canton-Search,"7.0|mi|50530 Cherry Hill Rd, Canton, MI 48187"
MCD-The Village Dentist-Canton-Search,"48111, Michigan, United States"
MCD-The Village Dentist-Canton-Search,"48150, Michigan, United States"
MCD-The Village Dentist-Canton-Search,"48168, Michigan, United States"
MCD-The Village Dentist-Canton-Search,"48170, Michigan, United States"
MCD-The Village Dentist-Canton-Search,"48184, Michigan, United States"
MCD-The Village Dentist-Canton-Search,"48185, Michigan, United States"
MCD-The Village Dentist-Canton-Search,"48187, Michigan, United States"
MCD-The Village Dentist-Canton-Search,"48188, Michigan, United States"
MCD-Pediatric Dentistry of Romeo-Romeo-Search,"10.0|mi|112 South Main Street, Romeo, MI 48065"
MCD-Pediatric Dentistry of Brighton-Brighton-Search,"10.0|mi|8641 W Grand River Ave, Brighton, MI 48116"
MCD-Partridge Creek Dental-Clinton Twp-Search,"5.0|mi|43900 Garfield Rd, Clinton Twp, MI 48038"
MCD-Partridge Creek Dental-Clinton Twp-Search,"48035, Michigan, United States"
MCD-Mt. Morris Family Dental-Mt. Morris-Search,"10.0|mi|N Saginaw Rd, Mount Morris, Vienna Twp, MI 48458"
MCD-Mt. Morris Family Dental-Mt. Morris-Search,"48417, Michigan, United States"
MCD-Mt. Morris Family Dental-Mt. Morris-Search,"48437, Michigan, United States"
MCD-Mt. Morris Family Dental-Mt. Morris-Search,"48458, Michigan, United States"
MCD-Mt. Morris Family Dental-Mt. Morris-Search,"48722, Michigan, United States"
MCD-Mariner Dental-Marine City-Search,"10.0|mi|540 South Parker Street, Marine City, MI 48039"
MCD-Irish Road Dental-Davison-Search,"48423, Michigan, United States"
MCD-Irish Road Dental-Davison-Search,"48439, Michigan, United States"
MCD-Irish Road Dental-Davison-Search,"48463, Michigan, United States"
MCD-Irish Road Dental-Davison-Search,"48506, Michigan, United States"
MCD-Irish Road Dental-Davison-Search,"48509, Michigan, United States"
MCD-Irish Road Dental-Davison-Search,"48519, Michigan, United States"
MCD-Irish Road Dental-Davison-Search,"Fenton Township, Michigan, United States"
MCD-Irish Road Dental-Davison-Search,"Fenton, Michigan, United States"
MCD-Irish Road Dental-Davison-Search,"Grand Blanc, Michigan, United States"
MCD-Irish Road Dental-Davison-Search,"Millington, Michigan, United States"
MCD-Hunters Creek Dental-Lapeer-Search,"3.0|mi|Hadley, MI 48440"
MCD-Hunters Creek Dental-Lapeer-Search,"48412, Michigan, United States"
MCD-Hunters Creek Dental-Lapeer-Search,"48421, Michigan, United States"
MCD-Hunters Creek Dental-Lapeer-Search,"48428, Michigan, United States"
MCD-Hunters Creek Dental-Lapeer-Search,"48438, Michigan, United States"
MCD-Hunters Creek Dental-Lapeer-Search,"48444, Michigan, United States"
MCD-Hunters Creek Dental-Lapeer-Search,"48446, Michigan, United States"
MCD-Hunters Creek Dental-Lapeer-Search,"48455, Michigan, United States"
MCD-Hunters Creek Dental-Lapeer-Search,"48461, Michigan, United States"
MCD-Hunters Creek Dental-Lapeer-Search,"48727, Michigan, United States"
MCD-Hunters Creek Dental-Lapeer-Search,"48741, Michigan, United States"
MCD-Family Dentistry of Allen Park-Allen Park-Search,"10.0|mi|10501 Allen Rd, Allen Park, MI 48101"
MCD-Family Dentistry of Allen Park-Allen Park-Search,"48133, Michigan, United States"
MCD-Family Dentistry of Allen Park-Allen Park-Search,"48159, Michigan, United States"
MCD-Family Dentistry of Allen Park-Allen Park-Search,"48166, Michigan, United States"
MCD-Family Dentistry of Allen Park-Allen Park-Search,"48179, Michigan, United States"
MCD-Family Dentistry of Allen Park-Allen Park-Search,"48206, Michigan, United States"
MCD-Family Dentistry of Allen Park-Allen Park-Search,"48212, Michigan, United States"
MCD-Family Dentistry of Allen Park-Allen Park-Search,"48215, Michigan, United States"
MCD-Family Dentistry of Allen Park-Allen Park-Search,"48219, Michigan, United States"
MCD-Algonac Dental-Algonac-Search,"48001, Michigan, United States"
MCD-Algonac Dental-Algonac-Search,"48023, Michigan, United States"
MCD-Algonac Dental-Algonac-Search,"48028, Michigan, United States"
MCD-Algonac Dental-Algonac-Search,"48039, Michigan, United States"
MCD-Algonac Dental-Algonac-Search,"48047, Michigan, United States"
MCD-Algonac Dental-Algonac-Search,"48048, Michigan, United States"
MCD-Algonac Dental-Algonac-Search,"48050, Michigan, United States"
MCD-Algonac Dental-Algonac-Search,"48051, Michigan, United States"
MCD-Algonac Dental-Algonac-Search,"48054, Michigan, United States"
MCD-Algonac Dental-Algonac-Search,"48063, Michigan, United States"
MCD-Algonac Dental-Algonac-Search,"48064, Michigan, United States"
MCD-Algonac Dental-Algonac-Search,"48079, Michigan, United States"


