Campaign,Location
MCD-Bandeen Orthodontics-Battle Creek-Search,"10.0|mi|4602 Beckley Road, Battle Creek, MI 49015"
MCD-Bandeen Orthodontics-Battle Creek-Search,"49050, Michigan, United States"
MCD-Bandeen Orthodontics-Battle Creek-Search,"49052, Michigan, United States"
MCD-Bandeen Orthodontics-Battle Creek-Search,"49089, Michigan, United States"
MCD-Bandeen Orthodontics-Battle Creek-Search,"49094, Michigan, United States"
MCD-Bandeen Orthodontics-Marshall-Search,"10.0|mi|214 Winston Dr, Marshall, MI 49068"
MCD-Bandeen Orthodontics-Portage-Search,"10.0|mi|3910 W Centre Ave, Portage, MI 49024"
MCD-Bandeen Orthodontics-Three Rivers-Search,"10.0|mi|750 Jefferson Street, Three Rivers, MI 49093"
MCD-Bandeen Orthodontics-Three Rivers-Search,"49040, Michigan, United States"
MCD-Chelsea Orthodontics-Chelsea-Search,"10.0|mi|1305 S Main St, Chelsea, MI 48118"
MCD-Havens Orthodontics-Canton-Search,"8.0|mi|8510 N Canton Center Rd, Canton, MI 48187"
MCD-Havens Orthodontics-Clawson-Search,"48009, Michigan, United States"
MCD-Havens Orthodontics-Clawson-Search,"48017, Michigan, United States"
MCD-Havens Orthodontics-Clawson-Search,"48067, Michigan, United States"
MCD-Havens Orthodontics-Clawson-Search,"48069, Michigan, United States"
MCD-Havens Orthodontics-Clawson-Search,"48070, Michigan, United States"
MCD-Havens Orthodontics-Clawson-Search,"48071, Michigan, United States"
MCD-Havens Orthodontics-Clawson-Search,"48072, Michigan, United States"
MCD-Havens Orthodontics-Clawson-Search,"48073, Michigan, United States"
MCD-Havens Orthodontics-Clawson-Search,"48083, Michigan, United States"
MCD-Havens Orthodontics-Clawson-Search,"48084, Michigan, United States"
MCD-Havens Orthodontics-Farmington-Search,"48152, Michigan, United States"
MCD-Havens Orthodontics-Farmington-Search,"48154, Michigan, United States"
MCD-Havens Orthodontics-Farmington-Search,"48240, Michigan, United States"
MCD-Havens Orthodontics-Farmington-Search,"48322, Michigan, United States"
MCD-Havens Orthodontics-Farmington-Search,"48331, Michigan, United States"
MCD-Havens Orthodontics-Farmington-Search,"48334, Michigan, United States"
MCD-Havens Orthodontics-Farmington-Search,"48335, Michigan, United States"
MCD-Havens Orthodontics-Farmington-Search,"48336, Michigan, United States"
MCD-Havens Orthodontics-St. Clair Shores-Search,"48035, Michigan, United States"
MCD-Havens Orthodontics-St. Clair Shores-Search,"48045, Michigan, United States"
MCD-Havens Orthodontics-St. Clair Shores-Search,"48066, Michigan, United States"
MCD-Havens Orthodontics-St. Clair Shores-Search,"48080, Michigan, United States"
MCD-Havens Orthodontics-St. Clair Shores-Search,"48081, Michigan, United States"
MCD-Havens Orthodontics-St. Clair Shores-Search,"48082, Michigan, United States"
MCD-Havens Orthodontics-St. Clair Shores-Search,"48230, Michigan, United States"
MCD-Havens Orthodontics-St. Clair Shores-Search,"48236, Michigan, United States"
MCD-Havens Orthodontics-Washington-Search,"48005, Michigan, United States"
MCD-Havens Orthodontics-Washington-Search,"48065, Michigan, United States"
MCD-Havens Orthodontics-Washington-Search,"48094, Michigan, United States"
MCD-Havens Orthodontics-Washington-Search,"48095, Michigan, United States"
MCD-Havens Orthodontics-Washington-Search,"48306, Michigan, United States"
MCD-Havens Orthodontics-Washington-Search,"48363, Michigan, United States"
MCD-Havens Orthodontics-Washington-Search,"48367, Michigan, United States"
MCD-Heights Orthodontics-Sterling Heights-Search,"48038, Michigan, United States"
MCD-Heights Orthodontics-Sterling Heights-Search,"48042, Michigan, United States"
MCD-Heights Orthodontics-Sterling Heights-Search,"48044, Michigan, United States"
MCD-Heights Orthodontics-Sterling Heights-Search,"48085, Michigan, United States"
MCD-Heights Orthodontics-Sterling Heights-Search,"48088, Michigan, United States"
MCD-Heights Orthodontics-Sterling Heights-Search,"48092, Michigan, United States"
MCD-Heights Orthodontics-Sterling Heights-Search,"48093, Michigan, United States"
MCD-Heights Orthodontics-Sterling Heights-Search,"48098, Michigan, United States"
MCD-Heights Orthodontics-Sterling Heights-Search,"48310, Michigan, United States"
MCD-Heights Orthodontics-Sterling Heights-Search,"48312, Michigan, United States"
MCD-Heights Orthodontics-Sterling Heights-Search,"48313, Michigan, United States"
MCD-Heights Orthodontics-Sterling Heights-Search,"48314, Michigan, United States"
MCD-Heights Orthodontics-Sterling Heights-Search,"48315, Michigan, United States"
MCD-Heights Orthodontics-Sterling Heights-Search,"48316, Michigan, United States"
MCD-Heights Orthodontics-Sterling Heights-Search,"48317, Michigan, United States"
MCD-Howell Orthodontics-Howell-Search,"18.0|mi|Howell Orthodontics, 207 N Michigan Ave Suite 202, Howell, MI 48843"
MCD-Jusino Orthodontics-Farmington Hills-Search,"8.0|mi|27600 Middlebelt Rd, Farmington Hills, MI 48334"
MCD-Lazarus Orthodontics-Waterford Twp-Search,"7.0|mi|4250 Pontiac Lake Rd, Waterford Twp, MI 48328"
MCD-Orthodontic Specialists-Grand Blanc-Search,"10.0|mi|12750 S Saginaw St, Grand Blanc, MI 48439"
MCD-Schulz Orthodontics-Traverse City-Search,"15.0|mi|4952 Skyview Court, Traverse City, MI 49684"
MCD-Schulz Orthodontics-Traverse City-Search,"48653, Michigan, United States"
MCD-Schulz Orthodontics-Traverse City-Search,"49630, Michigan, United States"
MCD-Schulz Orthodontics-Traverse City-Search,"49640, Michigan, United States"
MCD-Schulz Orthodontics-Traverse City-Search,"49646, Michigan, United States"
MCD-Schulz Orthodontics-Traverse City-Search,"49660, Michigan, United States"
